"","coeff_liquidation","se_liquidation","p_value_liquidation","coeff_merger","se_merger","p_value_merger","coeff_bankruptcy","se_bankruptcy","p_value_bankruptcy"
"Cooperative",-0.496994011008078,0.0972968635427115,0.000000325557756752914,0.520928887892437,0.109348815896146,0.00000189868865585474,0.179482506479654,0.0771617242550367,0.0200155531848185
"Nonprofit",-0.859876021545121,0.1234687106659,0.00000000000329980487379089,-0.697944188918636,0.207433782077744,0.000766379816123042,0.476351127415689,0.0593440392511255,0.00000000000000111022302462516
"Other",-8.84065124114426,0.227332131823924,0,0.212816347613863,0.521124628712166,0.682995458456976,1.08279489861016,0.241151399540528,0.00000711883586101969
"Private",-0.923832950962207,0.0375893561069507,0,1.20632948205875,0.0514939154485826,0,-0.00565471058014492,0.0320363808621001,0.85989405344082
"Retail",0.628650496678343,0.108525390354053,0.00000000692809964952801,-0.353117632653722,0.178943371262997,0.04845587116762,-0.919203807577708,0.202859708128427,0.00000586415077363789
"Services",0.621186474294828,0.0589220628509766,0,-0.561455477567548,0.109166531204123,0.000000270227300536163,-0.369539760225798,0.077959556828071,0.00000213563209072731
"Wholesale",0.359039811906166,0.0870784765437718,0.0000373685306720439,-0.376406538497184,0.136269252048805,0.00574086379793193,-0.486348004937068,0.114106149962161,0.0000202386255547804
