"","coefficients_cox","stand_e_cox","p_value_cox"
"mean_pl",-0.124876439525044,0.0124647007216652,0
"mean_total_assets",-0.0634896923110439,0.00769421261649009,0.000000000000000222044604925031
"mean_n_employees",-0.000393926592066857,0.000774132223616103,0.610848848232863
"cooperative",0.622511338286885,0.115284274356502,0.000000066717445790232
"nonprofit",-0.740718953966619,0.210446365010729,0.000431950946914172
"other",0.890873232206175,0.502619084385684,0.0763178962891533
"private",1.41409776062556,0.0531957002797926,0
