"","coefficients_cox","stand_e_cox","p_value_cox"
"mean_pl",-0.0115016406177244,0.00728632887202792,0.114445416915037
"mean_total_assets",0.000282404037754841,0.000118380921001285,0.0170534349422666
"mean_n_employees",-0.0344562620405093,0.00210718403584248,0
"cooperative",0.223221320250068,0.082411051351301,0.00675609605207539
"nonprofit",0.488421282720193,0.078026620780104,0.000000000385780740685959
"other",1.70297875436102,0.244798529569666,0.00000000000348454598508852
"private",0.531726502117173,0.0350501866707306,0
